Name,Query,Comment,Limit,Folder
"Client Health - Client Version 5.0.9128.1005 (ConfigMan 2403)","select SMS_R_SYSTEM.ResourceID,SMS_R_SYSTEM.ResourceType,SMS_R_SYSTEM.Name,SMS_R_SYSTEM.SMSUniqueIdentifier,SMS_R_SYSTEM.ResourceDomainORWorkgroup,SMS_R_SYSTEM.Client from SMS_R_System where SMS_R_System.ClientVersion = '5.0.9128.1005'","Query for client collections 5.0.9128.1005","All Desktop and Server Clients","Client Health"
"Client Health - Client Version 5.00.9122.1018 (ConfigMan 2309 KB25858444)","select SMS_R_SYSTEM.ResourceID,SMS_R_SYSTEM.ResourceType,SMS_R_SYSTEM.Name,SMS_R_SYSTEM.SMSUniqueIdentifier,SMS_R_SYSTEM.ResourceDomainORWorkgroup,SMS_R_SYSTEM.Client from SMS_R_System where SMS_R_System.ClientVersion = '5.00.9122.1018'","Query for client collections 5.00.9122.1018","All Desktop and Server Clients","Client Health"
"Client Health - Client Version 5.00.9122.1007 (ConfigMan 2309 KB26129847)","select SMS_R_SYSTEM.ResourceID,SMS_R_SYSTEM.ResourceType,SMS_R_SYSTEM.Name,SMS_R_SYSTEM.SMSUniqueIdentifier,SMS_R_SYSTEM.ResourceDomainORWorkgroup,SMS_R_SYSTEM.Client from SMS_R_System where SMS_R_System.ClientVersion = '5.00.9122.1007'","Query for client collections 5.00.9122.1007","All Desktop and Server Clients","Client Health"
"Client Health - Client Version 5.00.9117.1002 (ConfigMan 2309)","select SMS_R_SYSTEM.ResourceID,SMS_R_SYSTEM.ResourceType,SMS_R_SYSTEM.Name,SMS_R_SYSTEM.SMSUniqueIdentifier,SMS_R_SYSTEM.ResourceDomainORWorkgroup,SMS_R_SYSTEM.Client from SMS_R_System where SMS_R_System.ClientVersion = '5.00.9117.1002'","Query for client collections 5.00.9117.1002","All Desktop and Server Clients","Client Health"
"Client Health - Client Version 5.00.9106.1022 (ConfigMan 2303 KB24719670)","select SMS_R_SYSTEM.ResourceID,SMS_R_SYSTEM.ResourceType,SMS_R_SYSTEM.Name,SMS_R_SYSTEM.SMSUniqueIdentifier,SMS_R_SYSTEM.ResourceDomainORWorkgroup,SMS_R_SYSTEM.Client from SMS_R_System where SMS_R_System.ClientVersion = '5.00.9106.1022'","Query for client collections 5.00.9106.1022","All Desktop and Server Clients","Client Health"
"Client Health - Client Version 5.00.9106.1018 (ConfigMan 2303 KB24721208)","select SMS_R_SYSTEM.ResourceID,SMS_R_SYSTEM.ResourceType,SMS_R_SYSTEM.Name,SMS_R_SYSTEM.SMSUniqueIdentifier,SMS_R_SYSTEM.ResourceDomainORWorkgroup,SMS_R_SYSTEM.Client from SMS_R_System where SMS_R_System.ClientVersion = '5.00.9106.1018'","Query for client collections 5.00.9106.1018","All Desktop and Server Clients","Client Health"
"Client Health - Client Version 5.00.9106.1015 (ConfigMan 2303 KB21010486)","select SMS_R_SYSTEM.ResourceID,SMS_R_SYSTEM.ResourceType,SMS_R_SYSTEM.Name,SMS_R_SYSTEM.SMSUniqueIdentifier,SMS_R_SYSTEM.ResourceDomainORWorkgroup,SMS_R_SYSTEM.Client from SMS_R_System where SMS_R_System.ClientVersion = '5.00.9106.1015'","Query for client collections 5.00.9106.1015","All Desktop and Server Clients","Client Health"
"Client Health - Client Version 5.00.9106.1000 (ConfigMan 2303)","select SMS_R_SYSTEM.ResourceID,SMS_R_SYSTEM.ResourceType,SMS_R_SYSTEM.Name,SMS_R_SYSTEM.SMSUniqueIdentifier,SMS_R_SYSTEM.ResourceDomainORWorkgroup,SMS_R_SYSTEM.Client from SMS_R_System where SMS_R_System.ClientVersion = '5.00.9106.1000'","Query for client collections 5.00.9106.1000","All Desktop and Server Clients","Client Health"
"Client Health - Client Version 5.00.9096.1024 (ConfigMan 2211 KB16643863)","select SMS_R_SYSTEM.ResourceID,SMS_R_SYSTEM.ResourceType,SMS_R_SYSTEM.Name,SMS_R_SYSTEM.SMSUniqueIdentifier,SMS_R_SYSTEM.ResourceDomainORWorkgroup,SMS_R_SYSTEM.Client from SMS_R_System where SMS_R_System.ClientVersion = '5.00.9096.1024'","Query for client collections 5.00.9096.1024","All Desktop and Server Clients","Client Health"
"Client Health - Client Version 5.00.9096.1000 (ConfigMan 2211)","select SMS_R_SYSTEM.ResourceID,SMS_R_SYSTEM.ResourceType,SMS_R_SYSTEM.Name,SMS_R_SYSTEM.SMSUniqueIdentifier,SMS_R_SYSTEM.ResourceDomainORWorkgroup,SMS_R_SYSTEM.Client from SMS_R_System where SMS_R_System.ClientVersion = '5.00.9096.1000'","Query for client collections 5.0.9096.1000","All Desktop and Server Clients","Client Health"
"Client Health - Duplicate Name","select R.ResourceID,R.ResourceType,R.Name,R.SMSUniqueIdentifier,R.ResourceDomainORWorkgroup,R.Client from SMS_R_System as r   full join SMS_R_System as s1 on s1.ResourceId = r.ResourceId   full join SMS_R_System as s2 on s2.Name = s1.Name where s1.Name = s2.Name and s1.ResourceId != s2.ResourceId","All systems having a duplicate device record","All Desktop and Server Clients","Client Health"
"Client Health - Less than 1GB free disk space on C","select SMS_R_SYSTEM.ResourceID,SMS_R_SYSTEM.ResourceType,SMS_R_SYSTEM.Name,SMS_R_SYSTEM.SMSUniqueIdentifier,SMS_R_SYSTEM.ResourceDomainORWorkgroup,SMS_R_SYSTEM.Client from SMS_R_System inner join SMS_G_System_LOGICAL_DISK on SMS_G_System_LOGICAL_DISK.ResourceID = SMS_R_System.ResourceId where SMS_G_System_LOGICAL_DISK.DeviceID = 'C:' and SMS_G_System_LOGICAL_DISK.FreeSpace <= 1000","< 1 GB on C","All Desktop and Server Clients","Client Health"
"Client Health - No Hardware Scan in 2 weeks","select SMS_R_SYSTEM.ResourceID,SMS_R_SYSTEM.ResourceType,SMS_R_SYSTEM.Name,SMS_R_SYSTEM.SMSUniqueIdentifier,SMS_R_SYSTEM.ResourceDomainORWorkgroup,SMS_R_SYSTEM.Client from SMS_R_System where ResourceId in (select SMS_R_System.ResourceID from SMS_R_System inner join SMS_G_System_WORKSTATION_STATUS on SMS_G_System_WORKSTATION_STATUS.ResourceID = SMS_R_System.ResourceId where DATEDIFF(dd,SMS_G_System_WORKSTATION_STATUS.LastHardwareScan,GetDate()) > 14)","All devices with CCM client that have not communicated with hardware inventory in over 14 days","All Desktop and Server Clients","Client Health"
"Client Health - No Client","select SMS_R_SYSTEM.ResourceID,SMS_R_SYSTEM.ResourceType,SMS_R_SYSTEM.Name,SMS_R_SYSTEM.SMSUniqueIdentifier,SMS_R_SYSTEM.ResourceDomainORWorkgroup,SMS_R_SYSTEM.Client from SMS_R_System where SMS_R_System.Client = 0 OR SMS_R_System.Client is NULL","All devices without CCM client installed","All Systems","Client Health"
"Client Health - Not Approved","select SMS_R_SYSTEM.ResourceID, SMS_R_SYSTEM.ResourceType, SMS_R_SYSTEM.Name, SMS_R_SYSTEM.SMSUniqueIdentifier, SMS_R_SYSTEM.ResourceDomainORWorkgroup, SMS_R_SYSTEM.Client from SMS_R_System inner join SMS_CM_RES_COLL_SMS00001 on SMS_CM_RES_COLL_SMS00001.ResourceId = SMS_R_System.ResourceId where SMS_CM_RES_COLL_SMS00001.IsApproved= '0'","All devices not approved","All Systems","Client Health"
"Client Health - BIOS older than 2020","select * from SMS_R_System inner join SMS_G_System_PC_BIOS on SMS_G_System_PC_BIOS.ResourceID = SMS_R_SYSTEM.ResourceID where SMS_G_System_PC_BIOS.ReleaseDate < '01/01/2021 00:00:00'","Bios older than 2020","All Desktop and Server Clients","Client Health"
"Hardware - Laptops","select SMS_R_System.ResourceId, SMS_R_System.ResourceType, SMS_R_System.Name, SMS_R_System.SMSUniqueIdentifier, SMS_R_System.ResourceDomainORWorkgroup, SMS_R_System.Client from SMS_R_System inner join SMS_G_System_SYSTEM_ENCLOSURE on SMS_G_System_SYSTEM_ENCLOSURE.ResourceID = SMS_R_System.ResourceId where SMS_G_System_SYSTEM_ENCLOSURE.ChassisTypes in ('8', '9', '10', '11', '12', '14', '18', '21')","Query for laptop chasis","All Desktop and Server Clients","Hardware"
"Hardware - Dell Laptops","select SMS_R_SYSTEM.ResourceID,SMS_R_SYSTEM.ResourceType,SMS_R_SYSTEM.Name,SMS_R_SYSTEM.SMSUniqueIdentifier,SMS_R_SYSTEM.ResourceDomainORWorkgroup,SMS_R_SYSTEM.Client from SMS_R_System inner join SMS_G_System_COMPUTER_SYSTEM on SMS_G_System_COMPUTER_SYSTEM.ResourceId = SMS_R_System.ResourceId where SMS_G_System_COMPUTER_SYSTEM.Manufacturer like '%Dell%'","laptops with dell manufacturer","Hardware - Laptops","Hardware"
"Hardware - HP Laptops","select SMS_R_SYSTEM.ResourceID,SMS_R_SYSTEM.ResourceType,SMS_R_SYSTEM.Name,SMS_R_SYSTEM.SMSUniqueIdentifier,SMS_R_SYSTEM.ResourceDomainORWorkgroup,SMS_R_SYSTEM.Client from SMS_R_System inner join SMS_G_System_COMPUTER_SYSTEM on SMS_G_System_COMPUTER_SYSTEM.ResourceId = SMS_R_System.ResourceId where SMS_G_System_COMPUTER_SYSTEM.Manufacturer like '%HP%' or SMS_G_System_COMPUTER_SYSTEM.Manufacturer like '%Hewlett-Packard%'","All laptops with HP manufacturer","Hardware - Laptops","Hardware"
"Hardware - Lenovo Laptops","select SMS_R_SYSTEM.ResourceID,SMS_R_SYSTEM.ResourceType,SMS_R_SYSTEM.Name,SMS_R_SYSTEM.SMSUniqueIdentifier,SMS_R_SYSTEM.ResourceDomainORWorkgroup,SMS_R_SYSTEM.Client from SMS_R_System inner join SMS_G_System_COMPUTER_SYSTEM on SMS_G_System_COMPUTER_SYSTEM.ResourceId = SMS_R_System.ResourceId where SMS_G_System_COMPUTER_SYSTEM.Manufacturer like '%Lenovo%'","All laptops with Lenovo manufacturer","Hardware - Laptops","Hardware"
"ConfigMan - ConfigMan Console Installed","select SMS_R_SYSTEM.ResourceID,SMS_R_SYSTEM.ResourceType,SMS_R_SYSTEM.Name,SMS_R_SYSTEM.SMSUniqueIdentifier,SMS_R_SYSTEM.ResourceDomainORWorkgroup,SMS_R_SYSTEM.Client from SMS_R_System inner join SMS_G_System_ADD_REMOVE_PROGRAMS on SMS_G_System_ADD_REMOVE_PROGRAMS.ResourceID = SMS_R_System.ResourceId where SMS_G_System_ADD_REMOVE_PROGRAMS.DisplayName like '%Configuration Manager Console%'","All systems with SCCM console installed","All Desktop and Server Clients","ConfigMan"
"ConfigMan - Site Servers","select SMS_R_System.ResourceId, SMS_R_System.ResourceType, SMS_R_System.Name, SMS_R_System.SMSUniqueIdentifier, SMS_R_System.ResourceDomainORWorkgroup, SMS_R_System.Client from SMS_R_System where SMS_R_System.SystemRoles = 'SMS Site Server'","All systems that are SCCM site servers","All Desktop and Server Clients","ConfigMan"
"ConfigMan - Site Systems","select SMS_R_System.ResourceId, SMS_R_System.ResourceType, SMS_R_System.Name, SMS_R_System.SMSUniqueIdentifier, SMS_R_System.ResourceDomainORWorkgroup, SMS_R_System.Client from SMS_R_System where SMS_R_System.SystemRoles = 'SMS Site System' or SMS_R_System.ResourceNames in (Select ServerName FROM SMS_DistributionPointInfo)","All systems that are SCCM site systems","All Desktop and Server Clients","ConfigMan"
"ConfigMan - Distribution Points","select SMS_R_System.ResourceId, SMS_R_System.ResourceType, SMS_R_System.Name, SMS_R_System.SMSUniqueIdentifier, SMS_R_System.ResourceDomainORWorkgroup, SMS_R_System.Client from SMS_R_System where SMS_R_System.ResourceNames in (Select ServerName FROM SMS_DistributionPointInfo)","All systems that are SCCM distribution points","All Desktop and Server Clients","ConfigMan"
"Operating Systems - Servers","select SMS_R_SYSTEM.ResourceID,SMS_R_SYSTEM.ResourceType,SMS_R_SYSTEM.Name,SMS_R_SYSTEM.SMSUniqueIdentifier,SMS_R_SYSTEM.ResourceDomainORWorkgroup,SMS_R_SYSTEM.Client from SMS_R_System where OperatingSystemNameandVersion like '%Server%'","All servers","All Desktop and Server Clients","Operating Systems"
"Operating Systems - Physical Servers","select SMS_R_SYSTEM.ResourceID,SMS_R_SYSTEM.ResourceType,SMS_R_SYSTEM.Name,SMS_R_SYSTEM.SMSUniqueIdentifier,SMS_R_SYSTEM.ResourceDomainORWorkgroup,SMS_R_SYSTEM.Client from SMS_R_System where SMS_R_System.ResourceId not in (select SMS_R_SYSTEM.ResourceID from SMS_R_SYSTEM inner join SMS_G_System_COMPUTER_SYSTEM on SMS_G_System_COMPUTER_SYSTEM.ResourceId = SMS_R_SYSTEM.ResourceId where SMS_R_SYSTEM.IsVirtualMachine = 'True') and SMS_R_SYSTEM.OperatingSystemNameandVersion like 'Microsoft Windows NT%Server%'","All physical servers","Operating Systems - Servers","Operating Systems"
"Operating Systems - Domain Controllers","select *  from  SMS_R_System inner join SMS_G_System_COMPUTER_SYSTEM on SMS_G_System_COMPUTER_SYSTEM.ResourceId = SMS_R_System.ResourceId where SMS_G_System_COMPUTER_SYSTEM.Roles like '%Domain_Controller%'","All Domain Controllers","All Desktop and Server Clients","Operating Systems"
"Operating Systems - Exchange Servers","select *  from  SMS_R_System inner join SMS_G_System_SERVICE on SMS_G_System_SERVICE.ResourceId = SMS_R_System.ResourceId where SMS_G_System_SERVICE.Name like 'Microsoft Exchange Transport %'","All Exchange Servers","All Desktop and Server Clients","Operating Systems"
"Operating Systems - Virtual Servers","select SMS_R_SYSTEM.ResourceID,SMS_R_SYSTEM.ResourceType,SMS_R_SYSTEM.Name,SMS_R_SYSTEM.SMSUniqueIdentifier,SMS_R_SYSTEM.ResourceDomainORWorkgroup,SMS_R_SYSTEM.Client from SMS_R_System where SMS_R_SYSTEM.IsVirtualMachine = 'True' and SMS_R_SYSTEM.OperatingSystemNameandVersion like 'Microsoft Windows NT%Server%'","All virtual servers","Operating Systems - Servers","Operating Systems"
"Operating Systems - Windows Server 2016","select SMS_R_SYSTEM.ResourceID,SMS_R_SYSTEM.ResourceType,SMS_R_SYSTEM.Name,SMS_R_SYSTEM.SMSUniqueIdentifier,SMS_R_SYSTEM.ResourceDomainORWorkgroup,SMS_R_SYSTEM.Client from SMS_R_System inner join SMS_G_System_OPERATING_SYSTEM on SMS_G_System_OPERATING_SYSTEM.ResourceId = SMS_R_SYSTEM.ResourceId where OperatingSystemNameandVersion like '%Server 10%' and SMS_G_System_OPERATING_SYSTEM.BuildNumber = '14393'","All servers running Windows Server 2016 (End of Support: 2027-01-12)","Operating Systems - Servers","Operating Systems"
"Operating Systems - Windows Server 2012/2012 R2","select SMS_R_SYSTEM.ResourceID,SMS_R_SYSTEM.ResourceType,SMS_R_SYSTEM.Name,SMS_R_SYSTEM.SMSUniqueIdentifier,SMS_R_SYSTEM.ResourceDomainORWorkgroup,SMS_R_SYSTEM.Client from SMS_R_System where OperatingSystemNameandVersion like '%Server 6.2%' or OperatingSystemNameandVersion like '%Server 6.3%'","All servers running Windows Server 2012/2012 R2 (End of Support: 2023-10-10)","Operating Systems - Servers","Operating Systems"
"Operating Systems - Windows Server 2019","select SMS_R_SYSTEM.ResourceID,SMS_R_SYSTEM.ResourceType,SMS_R_SYSTEM.Name,SMS_R_SYSTEM.SMSUniqueIdentifier,SMS_R_SYSTEM.ResourceDomainORWorkgroup,SMS_R_SYSTEM.Client from SMS_R_System inner join SMS_G_System_OPERATING_SYSTEM on SMS_G_System_OPERATING_SYSTEM.ResourceId = SMS_R_SYSTEM.ResourceId where OperatingSystemNameandVersion like '%Server 10%' and SMS_G_System_OPERATING_SYSTEM.BuildNumber = '17763'","All servers running Windows Server 2019 (End of Support: 2029-01-09)","Operating Systems - Servers","Operating Systems"
"Operating Systems - Windows Server 2022","select SMS_R_SYSTEM.ResourceID,SMS_R_SYSTEM.ResourceType,SMS_R_SYSTEM.Name,SMS_R_SYSTEM.SMSUniqueIdentifier,SMS_R_SYSTEM.ResourceDomainORWorkgroup,SMS_R_SYSTEM.Client from SMS_R_System inner join SMS_G_System_OPERATING_SYSTEM on SMS_G_System_OPERATING_SYSTEM.ResourceId = SMS_R_SYSTEM.ResourceId where OperatingSystemNameandVersion like '%Server 10%' and SMS_G_System_OPERATING_SYSTEM.BuildNumber = '20348'","All servers running Windows Server 2022 (End of Support: 2031-10-14)","Operating Systems - Servers","Operating Systems"
"Operating Systems - Windows Server, version 20H2","select SMS_R_SYSTEM.ResourceID,SMS_R_SYSTEM.ResourceType,SMS_R_SYSTEM.Name,SMS_R_SYSTEM.SMSUniqueIdentifier,SMS_R_SYSTEM.ResourceDomainORWorkgroup,SMS_R_SYSTEM.Client from SMS_R_System where OperatingSystemNameandVersion like '%20H2%'","All servers running Windows Server, version 20H2 (End of Support: 2022-08-09)","Operating Systems - Servers","Operating Systems"
"Operating Systems - Workstations","select SMS_R_SYSTEM.ResourceID,SMS_R_SYSTEM.ResourceType,SMS_R_SYSTEM.Name,SMS_R_SYSTEM.SMSUniqueIdentifier,SMS_R_SYSTEM.ResourceDomainORWorkgroup,SMS_R_SYSTEM.Client from SMS_R_System where OperatingSystemNameandVersion like '%Workstation%'","All workstations","All Desktop and Server Clients","Operating Systems"
"Operating Systems - Windows 7","select SMS_R_SYSTEM.ResourceID,SMS_R_SYSTEM.ResourceType,SMS_R_SYSTEM.Name,SMS_R_SYSTEM.SMSUniqueIdentifier,SMS_R_SYSTEM.ResourceDomainORWorkgroup,SMS_R_SYSTEM.Client from SMS_R_System where OperatingSystemNameandVersion like '%Workstation 6.1%'","All workstations with Windows 7 operating system (End of Support: 2020-01-14)","Operating Systems - Workstations","Operating Systems"
"Operating Systems - Windows 8","select SMS_R_SYSTEM.ResourceID,SMS_R_SYSTEM.ResourceType,SMS_R_SYSTEM.Name,SMS_R_SYSTEM.SMSUniqueIdentifier,SMS_R_SYSTEM.ResourceDomainORWorkgroup,SMS_R_SYSTEM.Client from SMS_R_System where OperatingSystemNameandVersion like '%Workstation 6.2%'","All workstations with Windows 8 operating system (End of Support: 2016-01-12)","Operating Systems - Workstations","Operating Systems"
"Operating Systems - Windows 8.1","select SMS_R_SYSTEM.ResourceID,SMS_R_SYSTEM.ResourceType,SMS_R_SYSTEM.Name,SMS_R_SYSTEM.SMSUniqueIdentifier,SMS_R_SYSTEM.ResourceDomainORWorkgroup,SMS_R_SYSTEM.Client from SMS_R_System where OperatingSystemNameandVersion like '%Workstation 6.3%'","All workstations with Windows 8.1 operating system (End of Support: 2023-01-10)","Operating Systems - Workstations","Operating Systems"
"Operating Systems - Windows XP","select SMS_R_SYSTEM.ResourceID,SMS_R_SYSTEM.ResourceType,SMS_R_SYSTEM.Name,SMS_R_SYSTEM.SMSUniqueIdentifier,SMS_R_SYSTEM.ResourceDomainORWorkgroup,SMS_R_SYSTEM.Client from SMS_R_System where OperatingSystemNameandVersion like '%Workstation 5.1%' or OperatingSystemNameandVersion like '%Workstation 5.2%'","All workstations with Windows XP operating system (End of Support: 2014-04-08)","Operating Systems - Workstations","Operating Systems"
"Operating Systems - Windows 10","select SMS_R_SYSTEM.ResourceID,SMS_R_SYSTEM.ResourceType,SMS_R_SYSTEM.Name,SMS_R_SYSTEM.SMSUniqueIdentifier,SMS_R_SYSTEM.ResourceDomainORWorkgroup,SMS_R_SYSTEM.Client from SMS_R_System where OperatingSystemNameandVersion like '%Workstation 10.0%'","All workstations with Windows 10 operating system (End of LTS Support: 2025-10-14)","Operating Systems - Workstations","Operating Systems"
"Operating Systems - Windows 10 v1507","select SMS_R_SYSTEM.ResourceID,SMS_R_SYSTEM.ResourceType,SMS_R_SYSTEM.Name,SMS_R_SYSTEM.SMSUniqueIdentifier,SMS_R_SYSTEM.ResourceDomainORWorkgroup,SMS_R_SYSTEM.Client from SMS_R_System where SMS_R_System.Build = '10.0.10240'","All workstations with Windows 10 operating system v1507 (End of LTS Support: 2025-10-14)","Operating Systems - Workstations","Operating Systems"
"Operating Systems - Windows 10 v1511","select SMS_R_SYSTEM.ResourceID,SMS_R_SYSTEM.ResourceType,SMS_R_SYSTEM.Name,SMS_R_SYSTEM.SMSUniqueIdentifier,SMS_R_SYSTEM.ResourceDomainORWorkgroup,SMS_R_SYSTEM.Client from SMS_R_System where SMS_R_System.Build = '10.0.10586'","All workstations with Windows 10 operating system v1511 (End of LTS Support: 2025-10-14)","Operating Systems - Workstations","Operating Systems"
"Operating Systems - Windows 10 v1607","select SMS_R_SYSTEM.ResourceID,SMS_R_SYSTEM.ResourceType,SMS_R_SYSTEM.Name,SMS_R_SYSTEM.SMSUniqueIdentifier,SMS_R_SYSTEM.ResourceDomainORWorkgroup,SMS_R_SYSTEM.Client from SMS_R_System where SMS_R_System.Build = '10.0.14393'","All workstations with Windows 10 operating system v1607 (End of LTS Support: 2025-10-14)","Operating Systems - Workstations","Operating Systems"
"Operating Systems - Windows 10 v1703","select SMS_R_SYSTEM.ResourceID,SMS_R_SYSTEM.ResourceType,SMS_R_SYSTEM.Name,SMS_R_SYSTEM.SMSUniqueIdentifier,SMS_R_SYSTEM.ResourceDomainORWorkgroup,SMS_R_SYSTEM.Client from SMS_R_System where SMS_R_System.Build = '10.0.15063'","All workstations with Windows 10 operating system v1703 (End of LTS Support: 2025-10-14)","Operating Systems - Workstations","Operating Systems"
"Operating Systems - Windows 11 23H2","select SMS_R_SYSTEM.ResourceID,SMS_R_SYSTEM.ResourceType,SMS_R_SYSTEM.Name,SMS_R_SYSTEM.SMSUniqueIdentifier,SMS_R_SYSTEM.ResourceDomainORWorkgroup,SMS_R_SYSTEM.Client from SMS_R_System where SMS_R_System.Build = '10.0.22631'","All workstations with Windows 11 version 23H2 (End of Support: 10 Nov 2026)","Operating Systems - Workstations","Operating Systems"
"Operating Systems - Windows 10 22H2","select SMS_R_SYSTEM.ResourceID,SMS_R_SYSTEM.ResourceType,SMS_R_SYSTEM.Name,SMS_R_SYSTEM.SMSUniqueIdentifier,SMS_R_SYSTEM.ResourceDomainORWorkgroup,SMS_R_SYSTEM.Client from SMS_R_System where SMS_R_System.Build = '10.0.19045'","All workstations with Windows 10 version 22H2 (End of Support: 14 Oct 2025)","Operating Systems - Workstations","Operating Systems"
"Operating Systems - Windows 11 22H2","select SMS_R_SYSTEM.ResourceID,SMS_R_SYSTEM.ResourceType,SMS_R_SYSTEM.Name,SMS_R_SYSTEM.SMSUniqueIdentifier,SMS_R_SYSTEM.ResourceDomainORWorkgroup,SMS_R_SYSTEM.Client from SMS_R_System where SMS_R_System.Build = '10.0.22621'","All workstations with Windows 11 version 22H2 (End of Support: 14 Oct 2025)","Operating Systems - Workstations","Operating Systems"
"Operating Systems - Windows 10 21H2","select SMS_R_SYSTEM.ResourceID,SMS_R_SYSTEM.ResourceType,SMS_R_SYSTEM.Name,SMS_R_SYSTEM.SMSUniqueIdentifier,SMS_R_SYSTEM.ResourceDomainORWorkgroup,SMS_R_SYSTEM.Client from SMS_R_System where SMS_R_System.Build = '10.0.19044'","All workstations with Windows 10 version 21H2 (End of Home Support: 13 Jun 2023) (End of Enterprise Support: 11 Jun 2024) (End of LTS Support: 12 Jan 2027)","Operating Systems - Workstations","Operating Systems"
"Operating Systems - Windows 11 21H2","select SMS_R_SYSTEM.ResourceID,SMS_R_SYSTEM.ResourceType,SMS_R_SYSTEM.Name,SMS_R_SYSTEM.SMSUniqueIdentifier,SMS_R_SYSTEM.ResourceDomainORWorkgroup,SMS_R_SYSTEM.Client from SMS_R_System where SMS_R_System.Build = '10.0.22000'","All workstations with Windows 11 version 21H2 (End of Enterprise Support: 08 Oct 2024) (End of Home Support: 10 Oct 2023)","Operating Systems - Workstations","Operating Systems"
"Operating Systems - Windows 10 21H1","select SMS_R_SYSTEM.ResourceID,SMS_R_SYSTEM.ResourceType,SMS_R_SYSTEM.Name,SMS_R_SYSTEM.SMSUniqueIdentifier,SMS_R_SYSTEM.ResourceDomainORWorkgroup,SMS_R_SYSTEM.Client from SMS_R_System where SMS_R_System.Build = '10.0.19043'","All workstations with Windows 10 version 21H1 (End of Support: 13 Dec 2022)","Operating Systems - Workstations","Operating Systems"
"Operating Systems - Windows 10 20H2","select SMS_R_SYSTEM.ResourceID,SMS_R_SYSTEM.ResourceType,SMS_R_SYSTEM.Name,SMS_R_SYSTEM.SMSUniqueIdentifier,SMS_R_SYSTEM.ResourceDomainORWorkgroup,SMS_R_SYSTEM.Client from SMS_R_System where SMS_R_System.Build = '10.0.19042'","All workstations with Windows 10 version 20H2 (End of Enterprise Support: 09 May 2023) (End of Home Support: 10 May 2022)","Operating Systems - Workstations","Operating Systems"
"Operating Systems - Windows 10 2004","select SMS_R_SYSTEM.ResourceID,SMS_R_SYSTEM.ResourceType,SMS_R_SYSTEM.Name,SMS_R_SYSTEM.SMSUniqueIdentifier,SMS_R_SYSTEM.ResourceDomainORWorkgroup,SMS_R_SYSTEM.Client from SMS_R_System where SMS_R_System.Build = '10.0.19041'","All workstations with Windows 10 version 2004 (End of Support: 14 Dec 2021)","Operating Systems - Workstations","Operating Systems"
"Operating Systems - Windows 10 1909","select SMS_R_SYSTEM.ResourceID,SMS_R_SYSTEM.ResourceType,SMS_R_SYSTEM.Name,SMS_R_SYSTEM.SMSUniqueIdentifier,SMS_R_SYSTEM.ResourceDomainORWorkgroup,SMS_R_SYSTEM.Client from SMS_R_System where SMS_R_System.Build = '10.0.18363'","All workstations with Windows 10 version 1909 (End of Extended Support: 10 May 2022) (End of Home Support: 11 May 2021)","Operating Systems - Workstations","Operating Systems"
"Operating Systems - Windows 10 1903","select SMS_R_SYSTEM.ResourceID,SMS_R_SYSTEM.ResourceType,SMS_R_SYSTEM.Name,SMS_R_SYSTEM.SMSUniqueIdentifier,SMS_R_SYSTEM.ResourceDomainORWorkgroup,SMS_R_SYSTEM.Client from SMS_R_System where SMS_R_System.Build = '10.0.18362'","All workstations with Windows 10 version 1903 (End of Support: 08 Dec 2020)","Operating Systems - Workstations","Operating Systems"
"Operating Systems - Windows 10 1809","select SMS_R_SYSTEM.ResourceID,SMS_R_SYSTEM.ResourceType,SMS_R_SYSTEM.Name,SMS_R_SYSTEM.SMSUniqueIdentifier,SMS_R_SYSTEM.ResourceDomainORWorkgroup,SMS_R_SYSTEM.Client from SMS_R_System where SMS_R_System.Build = '10.0.17763'","All workstations with Windows 10 version 1809 (End of LTS Support: 09 Jan 2029) (End of Enterprise Support: 11 May 2021) (End of Home Support: 10 Nov 2020)","Operating Systems - Workstations","Operating Systems"
"Operating Systems - Windows 10 1803","select SMS_R_SYSTEM.ResourceID,SMS_R_SYSTEM.ResourceType,SMS_R_SYSTEM.Name,SMS_R_SYSTEM.SMSUniqueIdentifier,SMS_R_SYSTEM.ResourceDomainORWorkgroup,SMS_R_SYSTEM.Client from SMS_R_System where SMS_R_System.Build = '10.0.17134'","All workstations with Windows 10 version 1803 (End of Enterprise Support: 11 May 2021) (End of Home Support: 11 May 2020)","Operating Systems - Workstations","Operating Systems"
"Operating Systems - Windows 10 1709","select SMS_R_SYSTEM.ResourceID,SMS_R_SYSTEM.ResourceType,SMS_R_SYSTEM.Name,SMS_R_SYSTEM.SMSUniqueIdentifier,SMS_R_SYSTEM.ResourceDomainORWorkgroup,SMS_R_SYSTEM.Client from SMS_R_System where SMS_R_System.Build = '10.0.16299'","All workstations with Windows 10 version 1709 (End of Enterprise Support: 13 Oct 2020) (End of Home Support: 09 Apr 2019)","Operating Systems - Workstations","Operating Systems"
"Operating Systems - Windows 10 1703","select SMS_R_SYSTEM.ResourceID,SMS_R_SYSTEM.ResourceType,SMS_R_SYSTEM.Name,SMS_R_SYSTEM.SMSUniqueIdentifier,SMS_R_SYSTEM.ResourceDomainORWorkgroup,SMS_R_SYSTEM.Client from SMS_R_System where SMS_R_System.Build = '10.0.15063'","All workstations with Windows 10 version 1703 (End of Support: 08 Oct 2019)","Operating Systems - Workstations","Operating Systems"
"Operating Systems - Windows 11","select SMS_R_System.ResourceID,SMS_R_System.ResourceType,SMS_R_System.Name,SMS_R_System.SMSUniqueIdentifier,SMS_R_System.ResourceDomainORWorkgroup,SMS_R_System.Client from SMS_R_System where SMS_R_System.Build like '10.0.22%'","All workstations with Windows 11 operating system","Operating Systems - Workstations","Operating Systems"
"Office - 365 All Channels","select SMS_R_System.ResourceId, SMS_R_System.ResourceType, SMS_R_System.Name, SMS_R_System.SMSUniqueIdentifier, SMS_R_System.ResourceDomainORWorkgroup, SMS_R_System.Client from  SMS_R_System inner join SMS_G_System_OFFICE_PRODUCTINFO on SMS_G_System_OFFICE_PRODUCTINFO.ResourceID = SMS_R_System.ResourceId where SMS_G_System_OFFICE_PRODUCTINFO.IsProPlusInstalled = 1","o365 all channels","All Desktop and Server Clients","Office"
"Office - 365 Beta Channel","select * from SMS_R_System inner join SMS_G_System_OFFICE365PROPLUSCONFIGURATIONS on SMS_G_System_OFFICE365PROPLUSCONFIGURATIONS.ResourceId = SMS_R_System.ResourceId where SMS_G_System_OFFICE365PROPLUSCONFIGURATIONS.cfgUpdateChannel = 'http://officecdn.microsoft.com/pr/5440fd1f-7ecb-4221-8110-145efaa6372f'","o365 beta channesl","Office - 365 All Channels","Office"
"Office - 365 Current Channel (Preview)","select * from SMS_R_System inner join SMS_G_System_OFFICE365PROPLUSCONFIGURATIONS on SMS_G_System_OFFICE365PROPLUSCONFIGURATIONS.ResourceId = SMS_R_System.ResourceId where SMS_G_System_OFFICE365PROPLUSCONFIGURATIONS.cfgUpdateChannel = 'http://officecdn.microsoft.com/pr/64256afe-f5d9-4f86-8936-8840a6a4f5be'","o365 current preview channesl","Office - 365 All Channels","Office"
"Office - 365 Current Channel","select * from SMS_R_System inner join SMS_G_System_OFFICE365PROPLUSCONFIGURATIONS on SMS_G_System_OFFICE365PROPLUSCONFIGURATIONS.ResourceId = SMS_R_System.ResourceId where SMS_G_System_OFFICE365PROPLUSCONFIGURATIONS.cfgUpdateChannel = 'http://officecdn.microsoft.com/pr/492350f6-3a01-4f97-b9c0-c7c6ddf67d60'","o365 current channesl","Office - 365 All Channels","Office"
"Office - 365 Monthly Enterprise Channel","select * from SMS_R_System inner join SMS_G_System_OFFICE365PROPLUSCONFIGURATIONS on SMS_G_System_OFFICE365PROPLUSCONFIGURATIONS.ResourceId = SMS_R_System.ResourceId where SMS_G_System_OFFICE365PROPLUSCONFIGURATIONS.cfgUpdateChannel = 'http://officecdn.microsoft.com/pr/55336b82-a18d-4dd6-b5f6-9e5095c314a6'","o365 mon enterprise channesl","Office - 365 All Channels","Office"
"Office - 365 Semi-Annual Enterprise Channel (Preview)","select * from SMS_R_System inner join SMS_G_System_OFFICE365PROPLUSCONFIGURATIONS on SMS_G_System_OFFICE365PROPLUSCONFIGURATIONS.ResourceId = SMS_R_System.ResourceId where SMS_G_System_OFFICE365PROPLUSCONFIGURATIONS.cfgUpdateChannel = 'http://officecdn.microsoft.com/pr/b8f9b850-328d-4355-9145-c59439a0c4cf'","o365 Semi-Annual Enterprise Channel (Preview)","Office - 365 All Channels","Office"
"Office - 365 Semi-Annual Enterprise Channel","select * from SMS_R_System inner join SMS_G_System_OFFICE365PROPLUSCONFIGURATIONS on SMS_G_System_OFFICE365PROPLUSCONFIGURATIONS.ResourceId = SMS_R_System.ResourceId where SMS_G_System_OFFICE365PROPLUSCONFIGURATIONS.cfgUpdateChannel = 'http://officecdn.microsoft.com/pr/7ffbc6bf-bc32-4f92-8982-f9dd17fd3114'","o365 Semi-Annual Enterprise Channel","Office - 365 All Channels","Office"
"Client Health - Internet Explorer set as default browser","select * from SMS_R_SYSTEM inner join SMS_G_System_DEFAULT_BROWSER on SMS_G_System_DEFAULT_BROWSER.ResourceID = SMS_G_System.ResourceID where SMS_G_System_DEFAULT_BROWSER.BrowserProgID='IE.HTTP'","Workstations with internet explorer set as default browser","Operating Systems - Workstations","Client Health"
"Client Health - Log Level Verbose","select SMS_G_System_CLIENT_DIAGNOSTICS.DebugLoggingEnabled, SMS_R_System.Name, SMS_G_System_CLIENT_DIAGNOSTICS.LogLevel from  SMS_R_System inner join SMS_G_System_CLIENT_DIAGNOSTICS on SMS_G_System_CLIENT_DIAGNOSTICS.ResourceID = SMS_R_System.ResourceId where SMS_G_System_CLIENT_DIAGNOSTICS.LogLevel = 0","Systems with verbose ccm logging","All Desktop and Server Clients","Client Health"
"Client Health - Log Level Default","select SMS_G_System_CLIENT_DIAGNOSTICS.DebugLoggingEnabled, SMS_R_System.Name, SMS_G_System_CLIENT_DIAGNOSTICS.LogLevel from  SMS_R_System inner join SMS_G_System_CLIENT_DIAGNOSTICS on SMS_G_System_CLIENT_DIAGNOSTICS.ResourceID = SMS_R_System.ResourceId where SMS_G_System_CLIENT_DIAGNOSTICS.LogLevel = 1","Systems with default ccm logging","All Desktop and Server Clients","Client Health"
"Client Health - Log Level Warnings and Errors","select SMS_G_System_CLIENT_DIAGNOSTICS.DebugLoggingEnabled, SMS_R_System.Name, SMS_G_System_CLIENT_DIAGNOSTICS.LogLevel from  SMS_R_System inner join SMS_G_System_CLIENT_DIAGNOSTICS on SMS_G_System_CLIENT_DIAGNOSTICS.ResourceID = SMS_R_System.ResourceId where SMS_G_System_CLIENT_DIAGNOSTICS.LogLevel = 2","Systems with warning and errors only ccm logging","All Desktop and Server Clients","Client Health"
"Client Health - Log Level Errors","select SMS_G_System_CLIENT_DIAGNOSTICS.DebugLoggingEnabled, SMS_R_System.Name, SMS_G_System_CLIENT_DIAGNOSTICS.LogLevel from  SMS_R_System inner join SMS_G_System_CLIENT_DIAGNOSTICS on SMS_G_System_CLIENT_DIAGNOSTICS.ResourceID = SMS_R_System.ResourceId where SMS_G_System_CLIENT_DIAGNOSTICS.LogLevel = 3","Systems with errors only ccm logging","All Desktop and Server Clients","Client Health"
"Operating Systems - Windows 11 21H2 (10.0.22000)","select SMS_R_SYSTEM.ResourceID,SMS_R_SYSTEM.ResourceType,SMS_R_SYSTEM.Name,SMS_R_SYSTEM.SMSUniqueIdentifier,SMS_R_SYSTEM.ResourceDomainORWorkgroup,SMS_R_SYSTEM.Client from SMS_R_System where SMS_R_System.Build = '10.0.22000'","All workstations with Windows 11 21H2 10.0.22000 (End of Support: Home, October 10,2023)(End of Support: business October 8 2024)","Operating Systems - Workstations","Operating Systems"
"Operating Systems - Windows 11 22H2 (10.0.22621)","select SMS_R_SYSTEM.ResourceID,SMS_R_SYSTEM.ResourceType,SMS_R_SYSTEM.Name,SMS_R_SYSTEM.SMSUniqueIdentifier,SMS_R_SYSTEM.ResourceDomainORWorkgroup,SMS_R_SYSTEM.Client from SMS_R_System where SMS_R_System.Build = '10.0.22621'","All workstations with Windows 11 22H2 10.0.22621 (End of Support: Home, June 26 2024)(End of Support: business June 24 2025)","Operating Systems - Workstations","Operating Systems"
"Operating Systems - Windows 11 23H2 (10.0.22631)","select SMS_R_SYSTEM.ResourceID,SMS_R_SYSTEM.ResourceType,SMS_R_SYSTEM.Name,SMS_R_SYSTEM.SMSUniqueIdentifier,SMS_R_SYSTEM.ResourceDomainORWorkgroup,SMS_R_SYSTEM.Client from SMS_R_System where SMS_R_System.Build = '10.0.22631'","All workstations with Windows 11 23H2 10.0.22631 (End of Support: November 11 2025)","Operating Systems - Workstations","Operating Systems"
"Software - Teams Machine-Wide Installer","select SMS_R_SYSTEM.ResourceID,SMS_R_SYSTEM.ResourceType,SMS_R_SYSTEM.Name,SMS_R_SYSTEM.SMSUniqueIdentifier,SMS_R_SYSTEM.ResourceDomainORWorkgroup,SMS_R_SYSTEM.Client from SMS_R_System inner join SMS_G_System_INSTALLED_SOFTWARE on SMS_G_System_INSTALLED_SOFTWARE.ResourceID = SMS_R_System.ResourceId where SMS_G_System_INSTALLED_SOFTWARE.ProductName = 'Teams Machine-Wide Installer'","Systems with Teams Machine Wide Installer installed. (Classic Teams EOS: July 1 2024)","All Desktop and Server Clients","Software"
"Software - Visual Studio (2017, 2019, 2022)","select distinct SMS_R_System.ResourceId, SMS_R_System.ResourceType, SMS_R_System.Name, SMS_R_System.SMSUniqueIdentifier, SMS_R_System.ResourceDomainORWorkgroup, SMS_R_System.Client from  SMS_R_System inner join SMS_G_System_ADD_REMOVE_PROGRAMS on SMS_G_System_ADD_REMOVE_PROGRAMS.ResourceID = SMS_R_System.ResourceId where SMS_G_System_ADD_REMOVE_PROGRAMS.DisplayName like 'Visual Studio %[a-z]% 20[1,2][2,7,9]'","Collection to Target Visual Studio CIs,CBs, and Software Updates","All Desktop and Server Clients","Software"
"Office - Microsoft Office Professional 2013","select distinct SMS_R_System.ResourceId, SMS_R_System.ResourceType, SMS_R_System.Name, SMS_R_System.SMSUniqueIdentifier, SMS_R_System.ResourceDomainORWorkgroup, SMS_R_System.Client from  SMS_R_System inner join SMS_G_System_ADD_REMOVE_PROGRAMS on SMS_G_System_ADD_REMOVE_PROGRAMS.ResourceID = SMS_R_System.ResourceId where SMS_G_System_ADD_REMOVE_PROGRAMS.DisplayName like '%Microsoft Office Professional%2013%'","Systems with Office 2013 found. EOS: April 11 2023","All Desktop and Server Clients","Office"
"Office - Microsoft Office Professional 2016","select SMS_R_SYSTEM.ResourceID,SMS_R_SYSTEM.ResourceType,SMS_R_SYSTEM.Name,SMS_R_SYSTEM.SMSUniqueIdentifier,SMS_R_SYSTEM.ResourceDomainORWorkgroup,SMS_R_SYSTEM.Client from SMS_R_System inner join SMS_G_System_INSTALLED_SOFTWARE on SMS_G_System_INSTALLED_SOFTWARE.ResourceId = SMS_R_System.ResourceId where SMS_G_System_INSTALLED_SOFTWARE.ProductName = 'Microsoft Office Professional Plus 2016'","Systems with Office 2016. EOS: October 14 2025","All Desktop and Server Clients","Office"
"Maintenance Window - Monday 0000-0600","No query injected in Collections with Day of the week in Name Column; Comment is used as input for window start time","01/01/2021 00:00:00","All Desktop and Server Clients","Maintenance Windows"
"Maintenance Window - Monday 0600-1200","No query injected in Collections with Day of the week in Name Column; Comment is used as input for window start time","01/01/2021 06:00:00","All Desktop and Server Clients","Maintenance Windows"
"Maintenance Window - Monday 1200-1800","No query injected in Collections with Day of the week in Name Column; Comment is used as input for window start time","01/01/2021 12:00:00","All Desktop and Server Clients","Maintenance Windows"
"Maintenance Window - Monday 1800-0000","No query injected in Collections with Day of the week in Name Column; Comment is used as input for window start time","01/01/2021 18:00:00","All Desktop and Server Clients","Maintenance Windows"
"Maintenance Window - Tuesday 0000-0600","No query injected in Collections with Day of the week in Name Column; Comment is used as input for window start time","01/02/2021 00:00:00","All Desktop and Server Clients","Maintenance Windows"
"Maintenance Window - Tuesday 0600-1200","No query injected in Collections with Day of the week in Name Column; Comment is used as input for window start time","01/02/2021 06:00:00","All Desktop and Server Clients","Maintenance Windows"
"Maintenance Window - Tuesday 1200-1800","No query injected in Collections with Day of the week in Name Column; Comment is used as input for window start time","01/02/2021 12:00:00","All Desktop and Server Clients","Maintenance Windows"
"Maintenance Window - Tuesday 1800-0000","No query injected in Collections with Day of the week in Name Column; Comment is used as input for window start time","01/02/2021 18:00:00","All Desktop and Server Clients","Maintenance Windows"
"Maintenance Window - Wednesday 0000-0600","No query injected in Collections with Day of the week in Name Column; Comment is used as input for window start time","01/03/2021 00:00:00","All Desktop and Server Clients","Maintenance Windows"
"Maintenance Window - Wednesday 0600-1200","No query injected in Collections with Day of the week in Name Column; Comment is used as input for window start time","01/03/2021 06:00:00","All Desktop and Server Clients","Maintenance Windows"
"Maintenance Window - Wednesday 1200-1800","No query injected in Collections with Day of the week in Name Column; Comment is used as input for window start time","01/03/2021 12:00:00","All Desktop and Server Clients","Maintenance Windows"
"Maintenance Window - Wednesday 1800-0000","No query injected in Collections with Day of the week in Name Column; Comment is used as input for window start time","01/03/2021 18:00:00","All Desktop and Server Clients","Maintenance Windows"
"Maintenance Window - Thursday 0000-0600","No query injected in Collections with Day of the week in Name Column; Comment is used as input for window start time","01/04/2021 00:00:00","All Desktop and Server Clients","Maintenance Windows"
"Maintenance Window - Thursday 0600-1200","No query injected in Collections with Day of the week in Name Column; Comment is used as input for window start time","01/04/2021 06:00:00","All Desktop and Server Clients","Maintenance Windows"
"Maintenance Window - Thursday 1200-1800","No query injected in Collections with Day of the week in Name Column; Comment is used as input for window start time","01/04/2021 12:00:00","All Desktop and Server Clients","Maintenance Windows"
"Maintenance Window - Thursday 1800-0000","No query injected in Collections with Day of the week in Name Column; Comment is used as input for window start time","01/04/2021 18:00:00","All Desktop and Server Clients","Maintenance Windows"
"Maintenance Window - Friday 0000-0600","No query injected in Collections with Day of the week in Name Column; Comment is used as input for window start time","01/05/2021 00:00:00","All Desktop and Server Clients","Maintenance Windows"
"Maintenance Window - Friday 0600-1200","No query injected in Collections with Day of the week in Name Column; Comment is used as input for window start time","01/05/2021 06:00:00","All Desktop and Server Clients","Maintenance Windows"
"Maintenance Window - Friday 1200-1800","No query injected in Collections with Day of the week in Name Column; Comment is used as input for window start time","01/05/2021 12:00:00","All Desktop and Server Clients","Maintenance Windows"
"Maintenance Window - Friday 1800-0000","No query injected in Collections with Day of the week in Name Column; Comment is used as input for window start time","01/05/2021 18:00:00","All Desktop and Server Clients","Maintenance Windows"
"Maintenance Window - Saturday 0000-0600","No query injected in Collections with Day of the week in Name Column; Comment is used as input for window start time","01/06/2021 00:00:00","All Desktop and Server Clients","Maintenance Windows"
"Maintenance Window - Saturday 0600-1200","No query injected in Collections with Day of the week in Name Column; Comment is used as input for window start time","01/06/2021 06:00:00","All Desktop and Server Clients","Maintenance Windows"
"Maintenance Window - Saturday 1200-1800","No query injected in Collections with Day of the week in Name Column; Comment is used as input for window start time","01/06/2021 12:00:00","All Desktop and Server Clients","Maintenance Windows"
"Maintenance Window - Saturday 1800-0000","No query injected in Collections with Day of the week in Name Column; Comment is used as input for window start time","01/06/2021 18:00:00","All Desktop and Server Clients","Maintenance Windows"
"Maintenance Window - Sunday 0000-0600","No query injected in Collections with Day of the week in Name Column; Comment is used as input for window start time","01/07/2021 00:00:00","All Desktop and Server Clients","Maintenance Windows"
"Maintenance Window - Sunday 0600-1200","No query injected in Collections with Day of the week in Name Column; Comment is used as input for window start time","01/07/2021 06:00:00","All Desktop and Server Clients","Maintenance Windows"
"Maintenance Window - Sunday 1200-1800","No query injected in Collections with Day of the week in Name Column; Comment is used as input for window start time","01/07/2021 12:00:00","All Desktop and Server Clients","Maintenance Windows"
"Maintenance Window - Sunday 1800-0000","No query injected in Collections with Day of the week in Name Column; Comment is used as input for window start time","01/07/2021 18:00:00","All Desktop and Server Clients","Maintenance Windows"
"Operating System Deployment - PXE, Boot Media, CCM Client","No query injected in Collections with 'Operating System Deployment' in name","Collection used to target OSD Task Sequences for PXE Boot Media and CCM Clients","All Systems","Operating System Deployment"
"Operating System Deployment - CCM Client","No query injected in Collections with 'Operating System Deployment' in name","Collection used to target OSD Task Sequences for CCM Clients","All Desktop and Server Clients","Operating System Deployment"
